Country,GDP per Capita (2019)
Argentina,9963.67423069626
Brazil,8845.3239312417
Ukraine,3661.45776367188
